<!DOCTYPE hibernate-configuration PUBLIC
        "-//Hibernate/Hibernate Configuration DTD 3.0//EN"
        "http://www.hibernate.org/dtd/hibernate-configuration-3.0.dtd">
<hibernate-configuration>
					<session-factory>

									<!--  Connection Settings  -->
									<property name= "connection.driver_class">oracle.jdbc.driver.OracleDriver</property>
									<property name= "connection.url">jdbc:oracle:thin:@localhost:1521:XE</property>
									<property name= "connection.username">scott</property>
									<property name= "connection.password">tiger</property>
									
									<!-- Hibernate Settings  -->
									<property name="hibernate.dialect">org.hibernate.dialect.Oracle10gDialect</property>
									<property name="hibernate.show_sql">true</property>
									<property name="hibernate.hbm2ddl.auto">update</property>

									<!-- Mapping Classes -->
									<mapping class="com.khan.hibernate.model.User" />
									

					</session-factory>
</hibernate-configuration>